location,month,day,year,coordinates,latitude,longitude,link,notes,census_block
I-395 H Street NW and Massachusetts Avenue NW (Capitol Crossing Construction Sites),March,N/A,2015,"38.898902, -77.014169",38.89890200000001,-77.014169,https://goo.gl/maps/KMdFkH4KS27Sabfv5,NA,110010059001005
North Capitol Street NW and O Street NE,April,N/A,2015,"38.908562, -77.008856",38.908562,-77.008856,https://goo.gl/maps/82p1GmdLg8M18TGc7,NA,110010106002025
11th Street NE and H Street NE,May,N/A,2015,"38.900210, -76.991530",38.90021,-76.99153,https://goo.gl/maps/fERBMsBE3QUEzpyL7,NA,110010084101016
9th Street NE and Brentwood Parkway (Brentwood Reservoir),May,N/A,2015,"38.912067, -76.992022",38.91206699999999,-76.992022,https://goo.gl/maps/hFtNkSFqVYikovwM9,NA,110010088031018
1300 Block of New York Avenue NE (Parking lot by NY Ave Men’s shelter),May,N/A,2015,"38.915669, -76.985228",38.915668999999994,-76.985228,https://goo.gl/maps/vuhNvBVG6EnAAo5K8,NA,110010088031002
1900 Montana Avenue NE,May,N/A,2015,"38.916479, -76.977760",38.916478999999995,-76.97776,https://goo.gl/maps/XFNDoNT1eSMzwzuq8,NA,110010088042000
I-395 H Street NW and Massachusetts Avenue NW (Capitol Crossing Construction Sites),June,N/A,2015,"38.898902, -77.014169",38.89890200000001,-77.014169,https://goo.gl/maps/KMdFkH4KS27Sabfv5,NA,110010059001005
17th Street and Corcoran Street NW,June,N/A,2015,"38.911875, -77.038468",38.911874999999995,-77.038468,https://goo.gl/maps/1ctzDBWSbUXhydu87,NA,110010053014000
17th Street and Corcoran Street NW,June,N/A,2015,"38.911875, -77.038468",38.911874999999995,-77.038468,https://goo.gl/maps/1ctzDBWSbUXhydu87,NA,110010053014000
3149 16th Street NW (Old DPR headquarters),June,N/A,2015,"38.930124, -77.036369",38.930124,-77.036369,https://goo.gl/maps/19LuFRBrxZjHVaBd8,NA,110010028022004
New Jersey Avenue and H Street SE (CSX construction site - Under Virginia Ave SE),July,N/A,2015,"38.881074, -77.005846",38.88107399999999,-77.005846,https://goo.gl/maps/LVoCqGXxvJpiyDut9,NA,110010065002026
4340 Connecticut Avenue NW,August,N/A,2015,"38.946295, -77.06475",38.946295,-77.06475,https://goo.gl/maps/Zpo4nQwzAcmycRnh9,NA,110010012004000
New Jersey Avenue NW Between I and K Streets (900 block of New Jersey Avenue),September,N/A,2015,"38.901738, -77.013586",38.901738,-77.013586,https://goo.gl/maps/cwLZWbL4ucwrpSR57,NA,110010047021002
20th Street between E Street and Virginia Avenue NW,September,N/A,2015,"38.892062, -77.019912",38.892062,-77.019912,https://goo.gl/maps/NxbnBxGrjUkNFqbJA,NA,110010062021020
3rd Street and E Street NW (Behind 441 4th building),October,N/A,2015,"38.896113, -77.015166",38.89611300000001,-77.015166,https://goo.gl/maps/DUXRVr7UzqyYYm669,NA,110010059001029
4450 Wisconsin Avenue NW (Tenley-Friendship Library),October,N/A,2015,"38.947722, -77.079572",38.947722,-77.079572,https://goo.gl/maps/3oRbLzmudZGKiwar7,NA,110010010014000
Whitehurst Freeway - 26th/27th and K NW,November,N/A,2015,"38.902673, -77.055567",38.902673,-77.055567,https://goo.gl/maps/YeCgo9ggFdxUB9Ka9,NA,110010056001004
Whitehurst Freeway - 26th/27th and K NW,November,N/A,2015,"38.902673, -77.055567",38.902673,-77.055567,https://goo.gl/maps/YeCgo9ggFdxUB9Ka9,NA,110010056001004
Whitehurst Freeway - 26th/27th and K NW,December,N/A,2015,"38.902673, -77.055567",38.902673,-77.055567,https://goo.gl/maps/YeCgo9ggFdxUB9Ka9,NA,110010056001004
2300 E Street Expressway NW,November,N/A,2015,"38.895738, -77.048071",38.89573800000001,-77.048071,https://goo.gl/maps/MTuB7izmD9ugoGTW9,NA,110010062021048
Klingle Road NW (Under 3200 Connecticut Ave Bridge),November,N/A,2015,"38.932588, -77.056706",38.932588,-77.056706,https://goo.gl/maps/1SgH4gfGPzp4B7oh8,NA,110010013022007
295 overpass at Sousa Bridge,December,N/A,2015,"38.876070, -76.976676",38.87607,-76.976676,https://goo.gl/maps/NFMsxczwFqzqdf7EA,Pennsylvania Avenue & 295 SE - East side of the bridge,110010076015001
NoMa - Underpass(es),December,N/A,2015,"38.902503, -77.004360",38.902503,-77.00436,https://goo.gl/maps/Jx3aZHbawVpoWw3k6,NA,110010106002060
NoMa - First Street NE,December,N/A,2015,"38.901274, -77.006406",38.901273999999994,-77.006406,https://goo.gl/maps/DwaQWhfCS3v9xJiy5,NA,110010106002032
3149 16th Street NW (Old DPR headquarters),December,N/A,2015,"38.930124, -77.036369",38.930124,-77.036369,https://goo.gl/maps/19LuFRBrxZjHVaBd8,NA,110010028022004
1636 R Street NW,December,N/A,2015,"38.912608, -77.037969",38.912608,-77.037969,https://goo.gl/maps/3tQ7FHbdAVWBKD898,NA,110010053011002
320 Florida Avenue NE (behind Burger King),December,N/A,2015,"38.907644, -77.001626",38.90764399999999,-77.001626,https://goo.gl/maps/Rq6SHDf3jTp7kRPq7,NA,110010088031028
100 Irving Street NW,January,19,2016,"38.928532, -77.013519",38.92853200000001,-77.013519,https://goo.gl/maps/Dx4XEhX4DahBWCxb9,NA,110010023021028
Washington Circle,January,21,2016,"38.902516, -77.050162",38.902516000000006,-77.050162,https://goo.gl/maps/iqe9exdxbDGFxdZM9,NA,110010055003010
909 E Street NW,January,26,2016,"38.896257, -77.024706",38.896257,-77.024706,https://goo.gl/maps/5Kgi5S6sk8bMhtNw9,NA,110010058001023
7th Street and Pennsylvania Avenue NW,January,28,2016,"38.893402, -77.021928",38.893402,-77.021928,https://goo.gl/maps/8veyWweVRjFbR3KR7,NA,110010058001040
NoMa - Underpass(es),February,2,2016,"38.902503, -77.004360",38.902503,-77.00436,https://goo.gl/maps/Jx3aZHbawVpoWw3k6,NA,110010106002060
2016 Georgia Avenue NW,February,3,2016,"38.916897, -77.022155",38.91689699999999,-77.022155,https://goo.gl/maps/V4NBfP7uBfXnuSLw9,NA,110010035002007
1032 21st Street NW,February,3,2016,"38.903105, -77.046632",38.903105000000004,-77.046632,https://goo.gl/maps/tFHeYaQ48KMG8n8H9,NA,110010107001012
600 Frontage Road SE,February,4,2016,"38.882907, -77.023536",38.882906999999996,-77.023536000000007,https://goo.gl/maps/DE5HZCjYmjtzKRRM6,plotted Frontage Road SW (SE doesn't appear to exist),110010102002019
NoMa - First Street NE,February,9,2016,"38.901274, -77.006406",38.901273999999994,-77.006406,https://goo.gl/maps/DwaQWhfCS3v9xJiy5,NA,110010106002032
700 3rd Street NW,February,25,2016,"38.898325, -77.015232",38.89832500000001,-77.015232,https://goo.gl/maps/U4HHLx7bVMXC7TyJ8,NA,110010059001008
3rd Street Tunnel,March,1,2016,"38.893132, -77.014034",38.89313200000001,-77.014034,https://goo.gl/maps/aUpXLEsqdNBkhadF9,NA,110010059001033
3rd Street Tunnel,March,2,2016,"38.893132, -77.014034",38.89313200000001,-77.014034,https://goo.gl/maps/aUpXLEsqdNBkhadF9,NA,110010059001033
295 overpass at Sousa Bridge,March,8,2016,"38.876070, -76.976676",38.87607,-76.976676,https://goo.gl/maps/NFMsxczwFqzqdf7EA,Pennsylvania Avenue & 295 SE - East side of the bridge,110010076015001
7th Street and Maryland Avenue NE,March,9,2016,"38.894898, -76.996167",38.894898,-76.996167,https://goo.gl/maps/XLyafm82PBLsTDCn8,NA,110010083021011
1000 Maine Avenue SW,March,9,2016,"38.881071, -77.026150",38.88107099999999,-77.02615,https://goo.gl/maps/5sUj9nSKLRaB27GdA,NA,110010102002034
NoMa - First Street NE,March,11,2016,"38.901274, -77.006406",38.901273999999994,-77.006406,https://goo.gl/maps/DwaQWhfCS3v9xJiy5,NA,110010106002032
600-900 Pennsylvania Avenue NW,March,29,2016,"38.891390, -77.015250",38.89139,-77.01525,https://goo.gl/maps/dpZj3VW32Q1RiZbq7,NA,110010062021019
3rd Street and G Street NW,April,18,2016,"38.898328, -77.015230",38.89832800000001,-77.01523,https://goo.gl/maps/EmzwCh4st6RAK8Qr9,NA,110010059001008
20th Street and Pennsylvania Avenue NW,May,17,2016,"38.900788, -77.044930",38.900788,-77.04493,https://goo.gl/maps/sZwRqWNVp9FQ5STy9,NA,110010107001029
1300 Maine Avenue SW,May,19,2016,"38.882308, -77.029521",38.882308,-77.029521,https://goo.gl/maps/RSV9BgeYXxfT7d6M9,NA,110010102002012
NoMa - Underpass(es),May,24,2016,"38.902503, -77.004360",38.902503,-77.00436,https://goo.gl/maps/Jx3aZHbawVpoWw3k6,NA,110010106002060
NoMa - Underpass(es),June,28,2016,"38.902503, -77.004360",38.902503,-77.00436,https://goo.gl/maps/Jx3aZHbawVpoWw3k6,NA,110010106002060
16th Street and I Street NW,June,30,2016,"38.901343, -77.036556",38.901343,-77.036556,https://goo.gl/maps/Zf4oV63dkWWJdfTCA,NA,110010107001026
1100 Maine Avenue SW,July,5,2016,"38.881701, -77.027838",38.88170099999999,-77.027838,https://goo.gl/maps/nxFYz8LiLWm3QqXS7,NA,110010102002034
1600 Georgia Avenue NW,July,7,2016,"38.916350, -77.021916",38.91635,-77.021916,https://goo.gl/maps/B7dW5QLnKuwWdnW16,NA,110010035002007
16th Street and I Street NW,July,19,2016,"38.901343, -77.036556",38.901343,-77.036556,https://goo.gl/maps/Zf4oV63dkWWJdfTCA,NA,110010107001026
1000 Block of New Jersey Avenue NW,July,26,2016,"38.902522, -77.013728",38.902522000000005,-77.013728,https://goo.gl/maps/bd7x62rfi9j5GnQS7,NA,110010047012004
Whitehurst Freeway - 26th/27th and K NW,July,28,2016,"38.902673, -77.055567",38.902673,-77.055567,https://goo.gl/maps/YeCgo9ggFdxUB9Ka9,NA,110010056001004
NoMa - Underpass(es),August,2,2016,"38.902503, -77.004360",38.902503,-77.00436,https://goo.gl/maps/Jx3aZHbawVpoWw3k6,NA,110010106002060
NoMa - First Street NE,August,4,2016,"38.901274, -77.006406",38.901273999999994,-77.006406,https://goo.gl/maps/DwaQWhfCS3v9xJiy5,NA,110010106002032
NoMa - Underpass(es),August,30,2016,"38.902503, -77.004360",38.902503,-77.00436,https://goo.gl/maps/Jx3aZHbawVpoWw3k6,NA,110010106002060
Whitehurst Freeway - 26th/27th and K NW,September,1,2016,"38.902673, -77.055567",38.902673,-77.055567,https://goo.gl/maps/YeCgo9ggFdxUB9Ka9,NA,110010056001004
Seward Square,September,6,2016,"38.885840, -76.999683",38.885839999999995,-76.999683,https://goo.gl/maps/jqFPJd9GZcKr8YZD8,NA,110010065001002
2016 Georgia Avenue NW,September,8,2016,"38.916897, -77.022155",38.91689699999999,-77.022155,https://goo.gl/maps/V4NBfP7uBfXnuSLw9,NA,110010035002007
16th Street and K Street NW,September,8,2016,"38.902635, -77.036550",38.902635000000004,-77.03655,https://goo.gl/maps/tPXTNFLfotxJvC6V9,NA,110010107001022
3rd Street Tunnel,September,13,2016,"38.893132, -77.014034",38.89313200000001,-77.014034,https://goo.gl/maps/aUpXLEsqdNBkhadF9,NA,110010059001033
Washington Circle,September,20,2016,"38.902516, -77.050162",38.902516000000006,-77.050162,https://goo.gl/maps/iqe9exdxbDGFxdZM9,NA,110010055003010
1701 Corcoran Street NW,September,20,2016,"38.912003, -77.038928",38.912003,-77.038928,https://goo.gl/maps/3P1CLAfAZ9Dwfac86,NA,110010053014001
295 overpass at Sousa Bridge,September,27,2016,"38.876070, -76.976676",38.87607,-76.976676,https://goo.gl/maps/NFMsxczwFqzqdf7EA,Pennsylvania Avenue & 295 SE - East side of the bridge,110010076015001
Whitehurst Freeway - 26th/27th and K NW,September,4,2016,"38.902673, -77.055567",38.902673,-77.055567,https://goo.gl/maps/YeCgo9ggFdxUB9Ka9,NA,110010056001004
2nd Street and New Jersey Avenue NW,October,11,2016,"38.902092, -77.013656",38.902092,-77.013656,https://goo.gl/maps/Tg7VSSoDAueUM8WUA,NA,110010047021003
Washington Circle,October,25,2016,"38.902516, -77.050162",38.902516000000006,-77.050162,https://goo.gl/maps/iqe9exdxbDGFxdZM9,NA,110010055003010
2nd Street and New Jersey Avenue NW,November,1,2016,"38.902092, -77.013656",38.902092,-77.013656,https://goo.gl/maps/Tg7VSSoDAueUM8WUA,NA,110010047021003
Whitehurst Freeway - 26th/27th and K NW,November,3,2016,"38.902673, -77.055567",38.902673,-77.055567,https://goo.gl/maps/YeCgo9ggFdxUB9Ka9,NA,110010056001004
NoMa - Underpass(es),November,10,2016,"38.902503, -77.004360",38.902503,-77.00436,https://goo.gl/maps/Jx3aZHbawVpoWw3k6,NA,110010106002060
2600 L Street NW,November,10,2016,"38.903761, -77.054026",38.903760999999996,-77.054026,https://goo.gl/maps/1Czv4jWmZY64nZiW6,NA,110010056001003
Washington Circle,November,17,2016,"38.902516, -77.050162",38.902516000000006,-77.050162,https://goo.gl/maps/iqe9exdxbDGFxdZM9,NA,110010055003010
NoMa - Underpass(es),November,22,2016,"38.902503, -77.004360",38.902503,-77.00436,https://goo.gl/maps/Jx3aZHbawVpoWw3k6,NA,110010106002060
2600 L Street NW,December,8,2016,"38.903761, -77.054026",38.903760999999996,-77.054026,https://goo.gl/maps/1Czv4jWmZY64nZiW6,NA,110010056001003
Whitehurst Freeway - 26th/27th and K NW,December,12,2016,"38.902673, -77.055567",38.902673,-77.055567,https://goo.gl/maps/YeCgo9ggFdxUB9Ka9,NA,110010056001004
NoMa - Underpass(es),December,13,2016,"38.902503, -77.004360",38.902503,-77.00436,https://goo.gl/maps/Jx3aZHbawVpoWw3k6,NA,110010106002060
NoMa - First Street NE,December,20,2016,"38.901274, -77.006406",38.901273999999994,-77.006406,https://goo.gl/maps/DwaQWhfCS3v9xJiy5,NA,110010106002032
1200 Maine Avenue SW,January,5,2017,"38.881760, -77.027956",38.88175999999999,-77.027956,https://goo.gl/maps/vvAbN83EFnubR5r76,NA,110010102002025
6th Street and Frontage Road SW,January,5,2017,"38.883236, -77.019969",38.883236,-77.019969,https://goo.gl/maps/qdMLRFTxrhmtXw9L7,NA,110010102001009
2nd Street and E Street SW,January,10,2017,"38.883273, -77.013690",38.883272999999996,-77.01369,https://goo.gl/maps/59u2Xn8yRLsXJtwMA,NA,110010105002020
7th Street and D Street SW,January,10,2017,"38.884839, -77.021991",38.88483899999999,-77.021991,https://goo.gl/maps/Q6a6HvrS4TT38ZZc6,NA,110010102002009
27th Street and K Street,January,12,2017,"38.902522, -77.013728",38.902522000000005,-77.013728,https://goo.gl/maps/QQuMZCXKKcqa4ix87,NA,110010047012004
295 overpass at Sousa Bridge,January,26,2017,"38.876070, -76.976676",38.87607,-76.976676,https://goo.gl/maps/NFMsxczwFqzqdf7EA,Pennsylvania Avenue & 295 SE - East side of the bridge,110010076015001
3rd Street Tunnel,January,26,2017,"38.893132, -77.014034",38.89313200000001,-77.014034,https://goo.gl/maps/aUpXLEsqdNBkhadF9,NA,110010059001033
Whitehurst Freeway - 26th/27th and K NW,February,14,2017,"38.902673, -77.055567",38.902673,-77.055567,https://goo.gl/maps/YeCgo9ggFdxUB9Ka9,NA,110010056001004
Whitehurst Freeway - 26th/27th and K NW,February,16,2017,"38.902673, -77.055567",38.902673,-77.055567,https://goo.gl/maps/YeCgo9ggFdxUB9Ka9,NA,110010056001004
2600 L Street NW,February,16,2017,"38.903761, -77.054026",38.903760999999996,-77.054026,https://goo.gl/maps/1Czv4jWmZY64nZiW6,NA,110010056001003
6th Street and Frontage Road SW,March,2,2017,"38.883236, -77.019969",38.883236,-77.019969,https://goo.gl/maps/qdMLRFTxrhmtXw9L7,NA,110010102001009
17th Street and Corcoran Street NW,March,2,2017,"38.911875, -77.038468",38.911874999999995,-77.038468,https://goo.gl/maps/1ctzDBWSbUXhydu87,NA,110010053014000
17th Street and Corcoran Street NW,March,2,2017,"38.911875, -77.038468",38.911874999999995,-77.038468,https://goo.gl/maps/1ctzDBWSbUXhydu87,NA,110010053014000
1200 Maine Avenue SW,March,9,2017,"38.881760, -77.027956",38.88175999999999,-77.027956,https://goo.gl/maps/vvAbN83EFnubR5r76,NA,110010102002025
Mitchell Park - 23rd Street and S Street NW,March,21,2017,"38.914424, -77.049883",38.91442399999999,-77.049883,https://goo.gl/maps/PJaZa5Vcut5x9RaV7,NA,110010041001004
New Jersey Avenue between K Street and L Street NW,March,21,2017,"38.903169, -77.013840",38.903169,-77.01384,https://goo.gl/maps/2Dnd18bvKGGCd5k37,NA,110010047012003
2300 E Street Expressway NW,March,23,2017,"38.895738, -77.048071",38.89573800000001,-77.048071,https://goo.gl/maps/MTuB7izmD9ugoGTW9,NA,110010062021048
3rd Street Tunnel,March,27,2017,"38.893132, -77.014034",38.89313200000001,-77.014034,https://goo.gl/maps/aUpXLEsqdNBkhadF9,NA,110010059001033
New Jersey Avenue between K Street and L Street NW,March,28,2017,"38.903169, -77.013840",38.903169,-77.01384,https://goo.gl/maps/2Dnd18bvKGGCd5k37,NA,110010047012003
Washington Circle,March,29,2017,"38.902516, -77.050162",38.902516000000006,-77.050162,https://goo.gl/maps/iqe9exdxbDGFxdZM9,NA,110010055003010
Whitehurst Freeway - 26th/27th and K NW,April,4,2017,"38.902673, -77.055567",38.902673,-77.055567,https://goo.gl/maps/YeCgo9ggFdxUB9Ka9,NA,110010056001004
4250 Connecticut Avenue NW,April,11,2017,"38.944922, -77.064683",38.944922,-77.064683,https://goo.gl/maps/GZRRevNEZPyzKUBD6,NA,110010012004000
1500 Connecticut Avenue NW,April,11,2017,"38.910292, -77.043938",38.910292,-77.043938,https://goo.gl/maps/qtFqf7Z6m6obnum37,NA,110010055001007
NoMa - Underpass(es),April,11,2017,"38.902503, -77.004360",38.902503,-77.00436,https://goo.gl/maps/Jx3aZHbawVpoWw3k6,NA,110010106002060
NoMa - Underpass(es),April,13,2017,"38.902503, -77.004360",38.902503,-77.00436,https://goo.gl/maps/Jx3aZHbawVpoWw3k6,NA,110010106002060
2016 Georgia Avenue NW,April,13,2017,"38.916897, -77.022155",38.91689699999999,-77.022155,https://goo.gl/maps/V4NBfP7uBfXnuSLw9,NA,110010035002007
2nd Street and Massachussets Avenue NW Bus Stop,April,18,2017,"38.892062, -77.019912",38.892062,-77.019912,https://goo.gl/maps/xwJqGsvStBy7UwB1A,NA,110010062021020
16th Street and Harvard Street NW,April,27,2017,"38.926290, -77.036478",38.92629,-77.036478,https://goo.gl/maps/CdSXg43nEC78Cy659,NA,110010028021003
2016 Georgia Avenue NW,April,27,2017,"38.916897, -77.022155",38.91689699999999,-77.022155,https://goo.gl/maps/V4NBfP7uBfXnuSLw9,NA,110010035002007
Whitehurst Freeway - 26th/27th and K NW,May,2,2017,"38.902673, -77.055567",38.902673,-77.055567,https://goo.gl/maps/YeCgo9ggFdxUB9Ka9,NA,110010056001004
1700 K Street NW,May,9,2017,"38.902430, -77.039976",38.90243,-77.039976,https://goo.gl/maps/zV5kAxbLVmk4e1v19,NA,110010107001018
2nd Street and H Street NW,May,16,2017,"38.900224, -77.013658",38.900223999999994,-77.013658,https://goo.gl/maps/D7CWyatR1qFMuydR6,NA,110010047021018
NoMa - Underpass(es),May,18,2017,"38.902503, -77.004360",38.902503,-77.00436,https://goo.gl/maps/Jx3aZHbawVpoWw3k6,NA,110010106002060
Massachusetts Avenue and New Jersey Avenue NW,May,25,2017,"38.898876, -77.011997",38.898876,-77.011997,https://goo.gl/maps/QbWwJZnxtxTv2xbw5,NA,110010047021022
13th Street and H Street NE,May,26,2017,"38.900209, -76.988306",38.900209,-76.988306,https://goo.gl/maps/TzMRW2NyStiD8tjj8,NA,110010084101020
2nd Street and D Street NW,May,30,2017,"38.894785, -77.013682",38.894785,-77.013682,https://goo.gl/maps/NfrVDoFRpZhMzCk57,NA,110010059001016
1701 Corcoran Street NW,June,1,2017,"38.912003, -77.038928",38.912003,-77.038928,https://goo.gl/maps/3P1CLAfAZ9Dwfac86,NA,110010053014001
NoMa - Underpass(es),June,5,2017,"38.902503, -77.004360",38.902503,-77.00436,https://goo.gl/maps/Jx3aZHbawVpoWw3k6,NA,110010106002060
Virginia Avenue and South Capitol Street SE,June,6,2017,"38.882278, -77.008994",38.882278,-77.008994,https://goo.gl/maps/pKWVz2yNTfA5YHJL7,NA,110010065002023
3rd Street Tunnel,June,15,2017,"38.893132, -77.014034",38.89313200000001,-77.014034,https://goo.gl/maps/aUpXLEsqdNBkhadF9,NA,110010059001033
NoMa - Underpass(es),June,20,2017,"38.902503, -77.004360",38.902503,-77.00436,https://goo.gl/maps/Jx3aZHbawVpoWw3k6,NA,110010106002060
295 overpass at Sousa Bridge,June,22,2017,"38.876070, -76.976676",38.87607,-76.976676,https://goo.gl/maps/NFMsxczwFqzqdf7EA,Pennsylvania Avenue & 295 SE - East side of the bridge,110010076015001
NoMa - Underpass(es),June,29,2017,"38.902503, -77.004360",38.902503,-77.00436,https://goo.gl/maps/Jx3aZHbawVpoWw3k6,NA,110010106002060
Seward Square,July,11,2017,"38.885840, -76.999683",38.885839999999995,-76.999683,https://goo.gl/maps/jqFPJd9GZcKr8YZD8,NA,110010065001002
Whitehurst Freeway - 26th/27th and K NW,July,13,2017,"38.902673, -77.055567",38.902673,-77.055567,https://goo.gl/maps/YeCgo9ggFdxUB9Ka9,NA,110010056001004
Whitehurst Freeway - 26th/27th and K NW,July,18,2017,"38.902673, -77.055567",38.902673,-77.055567,https://goo.gl/maps/YeCgo9ggFdxUB9Ka9,NA,110010056001004
NoMa - Underpass(es),July,20,2017,"38.902503, -77.004360",38.902503,-77.00436,https://goo.gl/maps/Jx3aZHbawVpoWw3k6,NA,110010106002060
Massachusetts Avenue and 2nd Street NW,July,25,2017,"38.899614, -77.013836",38.899614,-77.013836,https://goo.gl/maps/ESUyJsmCa9Tw2B837,NA,110010047021016
3rd Street and G Street NW,August,22,2017,"38.898328, -77.015230",38.89832800000001,-77.01523,https://goo.gl/maps/EmzwCh4st6RAK8Qr9,NA,110010059001008
2210 Adams Place NE,August,24,2017,"38.919279, -76.974644",38.919278999999996,-76.974644,https://goo.gl/maps/w49bjYjmFxYuukmZA,NA,110010111003017
NoMa - First Street NE,August,24,2017,"38.901274, -77.006406",38.901273999999994,-77.006406,https://goo.gl/maps/DwaQWhfCS3v9xJiy5,NA,110010106002032
6001 Georgia Avenue NW,August,29,2017,"38.963136, -77.027389",38.963136000000006,-77.027389,https://goo.gl/maps/6t5GKpzZxKqYbXa29,NA,110010019012011
2016 Georgia Avenue NW,August,29,2017,"38.916897, -77.022155",38.91689699999999,-77.022155,https://goo.gl/maps/V4NBfP7uBfXnuSLw9,NA,110010035002007
Whitehurst Freeway - 26th/27th and K NW,September,19,2017,"38.902673, -77.055567",38.902673,-77.055567,https://goo.gl/maps/YeCgo9ggFdxUB9Ka9,NA,110010056001004
2016 Georgia Avenue NW,September,21,2017,"38.916897, -77.022155",38.91689699999999,-77.022155,https://goo.gl/maps/V4NBfP7uBfXnuSLw9,NA,110010035002007
9th Street and F Street NW,September,26,2017,"38.897313, -77.024000",38.897313000000004,-77.024,https://goo.gl/maps/4pXKfghuEea2kYYJ8,NA,110010058001017
NoMa - Underpass(es),September,28,2017,"38.902503, -77.004360",38.902503,-77.00436,https://goo.gl/maps/Jx3aZHbawVpoWw3k6,NA,110010106002060
NoMa - Underpass(es),October,3,2017,"38.902503, -77.004360",38.902503,-77.00436,https://goo.gl/maps/Jx3aZHbawVpoWw3k6,NA,110010106002060
21st Street and Virginia Avenue NW,October,5,2017,"38.895360, -77.046467",38.895360000000004,-77.046467,https://goo.gl/maps/NFbNjbbM3rHymNTn9,NA,110010108002020
Whitehurst Freeway - 26th/27th and K NW,October,5,2017,"38.902673, -77.055567",38.902673,-77.055567,https://goo.gl/maps/YeCgo9ggFdxUB9Ka9,NA,110010056001004
Washington Circle,October,5,2017,"38.902516, -77.050162",38.902516000000006,-77.050162,https://goo.gl/maps/iqe9exdxbDGFxdZM9,NA,110010055003010
17th Street and Corcoran Street NW,October,10,2017,"38.911875, -77.038468",38.911874999999995,-77.038468,https://goo.gl/maps/1ctzDBWSbUXhydu87,NA,110010053014000
17th Street and Corcoran Street NW,October,10,2017,"38.911875, -77.038468",38.911874999999995,-77.038468,https://goo.gl/maps/1ctzDBWSbUXhydu87,NA,110010053014000
21st Street and Virginia Avenue NW,October,12,2017,"38.895360, -77.046467",38.895360000000004,-77.046467,https://goo.gl/maps/NFbNjbbM3rHymNTn9,NA,110010108002020
3rd Street and Rhode Island Avenue NW,October,12,2017,"38.914532, -77.015744",38.914532,-77.015744,https://goo.gl/maps/RKYBN1eLUo3esF1r7,NA,110010034002027
Massachusetts Avenue and G Street NW,October,17,2017,"38.898417, -77.011060",38.898417,-77.01106,https://goo.gl/maps/TsNgz4NypoGRVF7m6,NA,110010047021023
NoMa - Underpass(es),October,19,2017,"38.902503, -77.004360",38.902503,-77.00436,https://goo.gl/maps/Jx3aZHbawVpoWw3k6,NA,110010106002060
NoMa - First Street NE,October,26,2017,"38.901274, -77.006406",38.901273999999994,-77.006406,https://goo.gl/maps/DwaQWhfCS3v9xJiy5,NA,110010106002032
21st Street and Virginia Avenue NW,November,2,2017,"38.895360, -77.046467",38.895360000000004,-77.046467,https://goo.gl/maps/NFbNjbbM3rHymNTn9,NA,110010108002020
21st Street and Virginia Avenue NW,November,7,2017,"38.895360, -77.046467",38.895360000000004,-77.046467,https://goo.gl/maps/NFbNjbbM3rHymNTn9,NA,110010108002020
2300 E Street Expressway NW,November,9,2017,"38.895738, -77.048071",38.89573800000001,-77.048071,https://goo.gl/maps/MTuB7izmD9ugoGTW9,NA,110010062021048
2300 E Street Expressway NW,November,16,2017,"38.895738, -77.048071",38.89573800000001,-77.048071,https://goo.gl/maps/MTuB7izmD9ugoGTW9,NA,110010062021048
Seward Square,November,30,2017,"38.885840, -76.999683",38.885839999999995,-76.999683,https://goo.gl/maps/jqFPJd9GZcKr8YZD8,NA,110010065001002
Whitehurst Freeway - 26th/27th and K NW,December,7,2017,"38.902673, -77.055567",38.902673,-77.055567,https://goo.gl/maps/YeCgo9ggFdxUB9Ka9,NA,110010056001004
3rd Street Tunnel,December,19,2017,"38.893132, -77.014034",38.89313200000001,-77.014034,https://goo.gl/maps/aUpXLEsqdNBkhadF9,NA,110010059001033
NoMa - Underpass(es),December,21,2017,"38.902503, -77.004360",38.902503,-77.00436,https://goo.gl/maps/Jx3aZHbawVpoWw3k6,NA,110010106002060
3rd Street Tunnel,December,22,2017,"38.893132, -77.014034",38.89313200000001,-77.014034,https://goo.gl/maps/aUpXLEsqdNBkhadF9,NA,110010059001033
NoMa - Underpass(es),January,11,2018,"38.902503, -77.004360",38.902503,-77.00436,https://goo.gl/maps/Jx3aZHbawVpoWw3k6,NA,110010106002060
NoMa - Underpass(es),January,24,2018,"38.902503, -77.004360",38.902503,-77.00436,https://goo.gl/maps/Jx3aZHbawVpoWw3k6,NA,110010106002060
2016 Georgia Avenue NW,February,1,2018,"38.916897, -77.022155",38.91689699999999,-77.022155,https://goo.gl/maps/V4NBfP7uBfXnuSLw9,NA,110010035002007
9th Street and Barry Place NW,February,1,2018,"38.920767, -77.024064",38.920767,-77.024064,https://goo.gl/maps/4i4peSpy8kmaRiQw9,NA,110010035002005
Columbia Heights Plaza,February,1,2018,"38.930219, -77.032568",38.930219,-77.032568,https://goo.gl/maps/ZCiwGFLfmDPT3Vwy7,NA,110010030001001
17th Street and Corcoran Street NW,February,6,2018,"38.911875, -77.038468",38.911874999999995,-77.038468,https://goo.gl/maps/1ctzDBWSbUXhydu87,NA,110010053014000
17th Street and Corcoran Street NW,February,6,2018,"38.911875, -77.038468",38.911874999999995,-77.038468,https://goo.gl/maps/1ctzDBWSbUXhydu87,NA,110010053014000
1240 22nd Street NW,February,6,2018,"38.906379, -77.049057",38.906379,-77.049057,https://goo.gl/maps/EnW7sVvj7rD3QzzD9,NA,110010055003002
21st Street and Virginia Avenue NW,February,8,2018,"38.895360, -77.046467",38.895360000000004,-77.046467,https://goo.gl/maps/NFbNjbbM3rHymNTn9,NA,110010108002020
441 4th Street NW,February,15,2018,"38.895472, -77.016178",38.895472000000005,-77.016178,https://goo.gl/maps/3k4QRdeWLQjzZ8zm7,NA,110010059001028
3rd Street Tunnel,February,15,2018,"38.893132, -77.014034",38.89313200000001,-77.014034,https://goo.gl/maps/aUpXLEsqdNBkhadF9,NA,110010059001033
NoMa - Underpass(es),February,27,2018,"38.902503, -77.004360",38.902503,-77.00436,https://goo.gl/maps/Jx3aZHbawVpoWw3k6,NA,110010106002060
7th Street and D Street NW,March,1,2018,"38.894798, -77.021912",38.894798,-77.021912,https://goo.gl/maps/vaopCMQ6Fev4P2VR6,NA,110010058001026
295 overpass at Sousa Bridge,March,1,2018,"38.876070, -76.976676",38.87607,-76.976676,https://goo.gl/maps/NFMsxczwFqzqdf7EA,Pennsylvania Avenue & 295 SE - East side of the bridge,110010076015001
17th Street and Corcoran Street NW,March,6,2018,"38.911875, -77.038468",38.911874999999995,-77.038468,https://goo.gl/maps/1ctzDBWSbUXhydu87,NA,110010053014000
17th Street and Corcoran Street NW,March,6,2018,"38.911875, -77.038468",38.911874999999995,-77.038468,https://goo.gl/maps/1ctzDBWSbUXhydu87,NA,110010053014000
100 Irving Street NW,March,6,2018,"38.928532, -77.013519",38.92853200000001,-77.013519,https://goo.gl/maps/Dx4XEhX4DahBWCxb9,NA,110010023021028
NoMa - First Street NE,March,13,2018,"38.901274, -77.006406",38.901273999999994,-77.006406,https://goo.gl/maps/DwaQWhfCS3v9xJiy5,NA,110010106002032
Whitehurst Freeway - 26th/27th and K NW,March,15,2018,"38.902673, -77.055567",38.902673,-77.055567,https://goo.gl/maps/YeCgo9ggFdxUB9Ka9,NA,110010056001004
Washington Circle,March,23,2018,"38.902516, -77.050162",38.902516000000006,-77.050162,https://goo.gl/maps/iqe9exdxbDGFxdZM9,NA,110010055003010
Northeast Library,March,27,2018,"38.894373, -76.996437",38.894373,-76.996437,https://goo.gl/maps/yYKFyVBCRKDHCNGq6,NA,110010083021014
21st Street and Virginia Avenue NW,March,29,2018,"38.895360, -77.046467",38.895360000000004,-77.046467,https://goo.gl/maps/NFbNjbbM3rHymNTn9,NA,110010108002020
NoMa - Underpass(es),March,30,2018,"38.902503, -77.004360",38.902503,-77.00436,https://goo.gl/maps/Jx3aZHbawVpoWw3k6,NA,110010106002060
1240 22nd Street NW,April,3,2018,"38.906379, -77.049057",38.906379,-77.049057,https://goo.gl/maps/EnW7sVvj7rD3QzzD9,NA,110010055003002
Whitehurst Freeway - 26th/27th and K NW,April,5,2018,"38.902673, -77.055567",38.902673,-77.055567,https://goo.gl/maps/YeCgo9ggFdxUB9Ka9,NA,110010056001004
NoMa - Underpass(es),April,5,2018,"38.902503, -77.004360",38.902503,-77.00436,https://goo.gl/maps/Jx3aZHbawVpoWw3k6,NA,110010106002060
NoMa - First Street NE,April,10,2018,"38.901274, -77.006406",38.901273999999994,-77.006406,https://goo.gl/maps/DwaQWhfCS3v9xJiy5,NA,110010106002032
NoMa - First Street NE,April,12,2018,"38.901274, -77.006406",38.901273999999994,-77.006406,https://goo.gl/maps/DwaQWhfCS3v9xJiy5,NA,110010106002032
3rd Street Tunnel,May,1,2018,"38.893132, -77.014034",38.89313200000001,-77.014034,https://goo.gl/maps/aUpXLEsqdNBkhadF9,NA,110010059001033
NoMa - Underpass(es),May,3,2018,"38.902503, -77.004360",38.902503,-77.00436,https://goo.gl/maps/Jx3aZHbawVpoWw3k6,NA,110010106002060
17th Street and L Street NW,May,8,2018,"38.903738, -77.038514",38.903738000000004,-77.038514,https://goo.gl/maps/q7ozA3BjUGVvWKey5,NA,110010107001020
NoMa - Underpass(es),May,9,2018,"38.902503, -77.004360",38.902503,-77.00436,https://goo.gl/maps/Jx3aZHbawVpoWw3k6,NA,110010106002060
NoMa - First Street NE,May,9,2018,"38.901274, -77.006406",38.901273999999994,-77.006406,https://goo.gl/maps/DwaQWhfCS3v9xJiy5,NA,110010106002032
NoMa - First Street NE,May,10,2018,"38.901274, -77.006406",38.901273999999994,-77.006406,https://goo.gl/maps/DwaQWhfCS3v9xJiy5,NA,110010106002032
Whitehurst Freeway - 26th/27th and K NW,May,10,2018,"38.902673, -77.055567",38.902673,-77.055567,https://goo.gl/maps/YeCgo9ggFdxUB9Ka9,NA,110010056001004
4250 Connecticut Avenue NW,May,24,2018,"38.944922, -77.064683",38.944922,-77.064683,https://goo.gl/maps/GZRRevNEZPyzKUBD6,NA,110010012004000
Randall Recreation Center,May,25,2018,"38.879530, -77.009423",38.87953,-77.009423,https://goo.gl/maps/G8JLL4vrdXucxf6D7,NA,110010105001001
21st Street and Virginia Avenue NW,May,31,2018,"38.895360, -77.046467",38.895360000000004,-77.046467,https://goo.gl/maps/NFbNjbbM3rHymNTn9,NA,110010108002020
NoMa - Underpass(es),June,7,2018,"38.902503, -77.004360",38.902503,-77.00436,https://goo.gl/maps/Jx3aZHbawVpoWw3k6,NA,110010106002060
NoMa - First Street NE,June,21,2018,"38.901274, -77.006406",38.901273999999994,-77.006406,https://goo.gl/maps/DwaQWhfCS3v9xJiy5,NA,110010106002032
Reeves Center,June,28,2018,"38.917293, -77.032381",38.917292999999994,-77.032381,https://goo.gl/maps/9RG4TMMvqrMYnJA18,NA,110010043001006
Whitehurst Freeway - 26th/27th and K NW,July,10,2018,"38.902673, -77.055567",38.902673,-77.055567,https://goo.gl/maps/YeCgo9ggFdxUB9Ka9,NA,110010056001004
NoMa - Underpass(es),July,12,2018,"38.902503, -77.004360",38.902503,-77.00436,https://goo.gl/maps/Jx3aZHbawVpoWw3k6,NA,110010106002060
200 H Street NW,July,12,2018,"38.900229, -77.013997",38.900228999999996,-77.013997,https://goo.gl/maps/rn7nT4qdyXei5QxGA,NA,110010047021003
NoMa - Underpass(es),July,19,2018,"38.902503, -77.004360",38.902503,-77.00436,https://goo.gl/maps/Jx3aZHbawVpoWw3k6,NA,110010106002060
NoMa - First Street NE,July,19,2018,"38.901274, -77.006406",38.901273999999994,-77.006406,https://goo.gl/maps/DwaQWhfCS3v9xJiy5,NA,110010106002032
21st Street and Virginia Avenue NW,July,26,2018,"38.895360, -77.046467",38.895360000000004,-77.046467,https://goo.gl/maps/NFbNjbbM3rHymNTn9,NA,110010108002020
NoMa - Underpass(es),July,31,2018,"38.902503, -77.004360",38.902503,-77.00436,https://goo.gl/maps/Jx3aZHbawVpoWw3k6,NA,110010106002060
NoMa - Underpass(es),August,14,2018,"38.902503, -77.004360",38.902503,-77.00436,https://goo.gl/maps/Jx3aZHbawVpoWw3k6,NA,110010106002060
NoMa - First Street NE,August,14,2018,"38.901274, -77.006406",38.901273999999994,-77.006406,https://goo.gl/maps/DwaQWhfCS3v9xJiy5,NA,110010106002032
Whitehurst Freeway - 26th/27th and K NW,August,16,2018,"38.902673, -77.055567",38.902673,-77.055567,https://goo.gl/maps/YeCgo9ggFdxUB9Ka9,NA,110010056001004
Reeves Center,August,23,2018,"38.917293, -77.032381",38.917292999999994,-77.032381,https://goo.gl/maps/9RG4TMMvqrMYnJA18,NA,110010043001006
NoMa - Underpass(es),August,29,2018,"38.902503, -77.004360",38.902503,-77.00436,https://goo.gl/maps/Jx3aZHbawVpoWw3k6,NA,110010106002060
NoMa - Underpass(es),August,30,2018,"38.902503, -77.004360",38.902503,-77.00436,https://goo.gl/maps/Jx3aZHbawVpoWw3k6,NA,110010106002060
NoMa - First Street NE,August,30,2018,"38.901274, -77.006406",38.901273999999994,-77.006406,https://goo.gl/maps/DwaQWhfCS3v9xJiy5,NA,110010106002032
21st Street and Virginia Avenue NW,September,4,2018,"38.895360, -77.046467",38.895360000000004,-77.046467,https://goo.gl/maps/NFbNjbbM3rHymNTn9,NA,110010108002020
NoMa - Underpass(es),September,13,2018,"38.902503, -77.004360",38.902503,-77.00436,https://goo.gl/maps/Jx3aZHbawVpoWw3k6,NA,110010106002060
NoMa - First Street NE,September,13,2018,"38.901274, -77.006406",38.901273999999994,-77.006406,https://goo.gl/maps/DwaQWhfCS3v9xJiy5,NA,110010106002032
Metropolitan Branch Trail and New York Avenue NE,September,21,2018,"38.909825, -77.001933",38.909825,-77.001933,https://goo.gl/maps/jusndArkFFqaRXxf9,NA,110010087022006
Washington Circle,September,21,2018,"38.902516, -77.050162",38.902516000000006,-77.050162,https://goo.gl/maps/iqe9exdxbDGFxdZM9,NA,110010055003010
1345 14th Street NW,September,21,2018,"38.908710, -77.031951",38.908710000000006,-77.031951,https://goo.gl/maps/DEg49MgiN2XQKaGb8,NA,110010052013002
16th Street and L Street NW,September,26,2018,"38.903748, -77.036542",38.903748,-77.036542,https://goo.gl/maps/3EnbWBoR12p2t27G6,NA,110010107001000
NoMa - Underpass(es),September,27,2018,"38.902503, -77.004360",38.902503,-77.00436,https://goo.gl/maps/Jx3aZHbawVpoWw3k6,NA,110010106002060
NoMa - First Street NE,September,27,2018,"38.901274, -77.006406",38.901273999999994,-77.006406,https://goo.gl/maps/DwaQWhfCS3v9xJiy5,NA,110010106002032
Metropolitan Branch Trail and New York Avenue NE,October,1,2018,"38.909825, -77.001933",38.909825,-77.001933,https://goo.gl/maps/jusndArkFFqaRXxf9,NA,110010087022006
Whitehurst Freeway - 26th/27th and K NW,October,2,2018,"38.902673, -77.055567",38.902673,-77.055567,https://goo.gl/maps/YeCgo9ggFdxUB9Ka9,NA,110010056001004
8th Street and H Street NW,October,4,2018,"38.899813, -77.022948",38.899813,-77.022948,https://goo.gl/maps/a2Y9viPjQRqRQEg36,NA,110010058001014
3rd Street and H Street NW,October,9,2018,"38.900248, -77.015233",38.900248,-77.015233,https://goo.gl/maps/pzF137Tkr2mfBqYNA,NA,110010047021013
12th Street and G Street NW,October,9,2018,"38.898307, -77.028051",38.898307,-77.028051,https://goo.gl/maps/Z3p9uFEaQLUwLtVr5,NA,110010058001032
1913 Massachusetts Avenue NW,October,9,2018,"38.910073, -77.044691",38.910073,-77.044691,https://goo.gl/maps/ppEPfkE2jtDTe9B36,NA,110010055001014
NoMa - Underpass(es),October,11,2018,"38.902503, -77.004360",38.902503,-77.00436,https://goo.gl/maps/Jx3aZHbawVpoWw3k6,NA,110010106002060
NoMa - First Street NE,October,11,2018,"38.901274, -77.006406",38.901273999999994,-77.006406,https://goo.gl/maps/DwaQWhfCS3v9xJiy5,NA,110010106002032
Washington Circle,October,16,2018,"38.902516, -77.050162",38.902516000000006,-77.050162,https://goo.gl/maps/iqe9exdxbDGFxdZM9,NA,110010055003010
Reeves Center,October,18,2018,"38.917293, -77.032381",38.917292999999994,-77.032381,https://goo.gl/maps/9RG4TMMvqrMYnJA18,NA,110010043001006
NoMa - Underpass(es),October,25,2018,"38.902503, -77.004360",38.902503,-77.00436,https://goo.gl/maps/Jx3aZHbawVpoWw3k6,NA,110010106002060
NoMa - First Street NE,October,25,2018,"38.901274, -77.006406",38.901273999999994,-77.006406,https://goo.gl/maps/DwaQWhfCS3v9xJiy5,NA,110010106002032
660 North Capitol Street NW,October,25,2018,"38.898559, -77.009669",38.898559000000006,-77.009669,https://goo.gl/maps/QzHAr8FrS2MhqQTF8,NA,110010047021023
660 North Capitol Street NW,October,30,2018,"38.898559, -77.009669",38.898559000000006,-77.009669,https://goo.gl/maps/QzHAr8FrS2MhqQTF8,NA,110010047021023
3rd Street Tunnel,November,1,2018,"38.893132, -77.014034",38.89313200000001,-77.014034,https://goo.gl/maps/aUpXLEsqdNBkhadF9,NA,110010059001033
NoMa - Underpass(es),November,8,2018,"38.902503, -77.004360",38.902503,-77.00436,https://goo.gl/maps/Jx3aZHbawVpoWw3k6,NA,110010106002060
NoMa - First Street NE,November,8,2018,"38.901274, -77.006406",38.901273999999994,-77.006406,https://goo.gl/maps/DwaQWhfCS3v9xJiy5,NA,110010106002032
Washington Circle,November,13,2018,"38.902516, -77.050162",38.902516000000006,-77.050162,https://goo.gl/maps/iqe9exdxbDGFxdZM9,NA,110010055003010
NoMa - Underpass(es),November,20,2018,"38.902503, -77.004360",38.902503,-77.00436,https://goo.gl/maps/Jx3aZHbawVpoWw3k6,NA,110010106002060
45 E Street NW,November,20,2018,"38.896430, -77.011090",38.89643,-77.01109,https://goo.gl/maps/8aoSYaRtyNV7sCgL6,NA,110010059001024
1156 15th Street NW,November,20,2018,"38.905334, -77.034581",38.905334,-77.034581,https://goo.gl/maps/dZuq1ae3JbXQDD289,NA,110010101002002
915 15th Street NW,November,20,2018,"38.901843, -77.033370",38.90184299999999,-77.03337,https://goo.gl/maps/1iexti9W4BUWtjvRA,NA,110010101001015
3rd Street Tunnel,November,27,2018,"38.893132, -77.014034",38.89313200000001,-77.014034,https://goo.gl/maps/aUpXLEsqdNBkhadF9,NA,110010059001033
NoMa - Underpass(es),November,27,2018,"38.902503, -77.004360",38.902503,-77.00436,https://goo.gl/maps/Jx3aZHbawVpoWw3k6,NA,110010106002060
21st Street and Virginia Avenue NW,November,29,2018,"38.895360, -77.046467",38.895360000000004,-77.046467,https://goo.gl/maps/NFbNjbbM3rHymNTn9,NA,110010108002020
Whitehurst Freeway - 26th/27th and K NW,December,4,2018,"38.902673, -77.055567",38.902673,-77.055567,https://goo.gl/maps/YeCgo9ggFdxUB9Ka9,NA,110010056001004
Garfield Park,December,6,2018,"38.881549, -77.003856",38.88154899999999,-77.003856,https://goo.gl/maps/UsvzkhqhuwrrBjsw6,NA,110010065002019
4th Street and G Street SW,December,6,2018,"38.888940, -77.017550",38.88894,-77.01755,https://goo.gl/maps/sbHqz4ygqJbJkKyE6,NA,110010062021107
Randall Recreation Center,December,6,2018,"38.879530, -77.009423",38.87953,-77.009423,https://goo.gl/maps/G8JLL4vrdXucxf6D7,NA,110010105001001
1800 Minnesota Ave SE,December,11,2018,"38.869552, -76.978532",38.869552000000006,-76.978532,https://goo.gl/maps/dpH66XRePShTkge1A,NA,110010076013012
NoMa - Underpass(es),December,13,2018,"38.902503, -77.004360",38.902503,-77.00436,https://goo.gl/maps/Jx3aZHbawVpoWw3k6,NA,110010106002060
Reeves Center,December,18,2018,"38.917293, -77.032381",38.917292999999994,-77.032381,https://goo.gl/maps/9RG4TMMvqrMYnJA18,NA,110010043001006
3149 16th Street NW (Old DPR headquarters),December,18,2018,"38.930124, -77.036369",38.930124,-77.036369,https://goo.gl/maps/19LuFRBrxZjHVaBd8,NA,110010028022004
Metropolitan Branch Trail and New York Avenue NE,December,20,2018,"38.909825, -77.001933",38.909825,-77.001933,https://goo.gl/maps/jusndArkFFqaRXxf9,NA,110010087022006
660 North Capitol Street NW,December,20,2018,"38.898559, -77.009669",38.898559000000006,-77.009669,https://goo.gl/maps/QzHAr8FrS2MhqQTF8,NA,110010047021023
Garfield Park,December,26,2018,"38.881549, -77.003856",38.88154899999999,-77.003856,https://goo.gl/maps/UsvzkhqhuwrrBjsw6,NA,110010065002019
NoMa - Underpass(es),January,3,2019,"38.902503, -77.004360",38.902503,-77.00436,https://goo.gl/maps/Jx3aZHbawVpoWw3k6,NA,110010106002060
I-395 – New Jersey Avenue Exit (2nd Street and D Street & US Senate Exit Ramp),January,8,2019,"38.895012, -77.013805",38.89501200000001,-77.013805,https://goo.gl/maps/4HutaXo43LNNjBmm8,NA,110010059001016
H Street and 1st Street NE (Union Station),January,10,2019,"38.900102, -77.012093",38.900102000000004,-77.012093,https://goo.gl/maps/Y97d2rBosreupUK2A,NA,110010047021021
660 North Capitol Street NW,January,10,2019,"38.898559, -77.009669",38.898559000000006,-77.009669,https://goo.gl/maps/QzHAr8FrS2MhqQTF8,NA,110010047021023
NoMa - Underpass(es),January,16,2019,"38.902503, -77.004360",38.902503,-77.00436,https://goo.gl/maps/Jx3aZHbawVpoWw3k6,NA,110010106002060
NoMa - Underpass(es),January,24,2019,"38.902503, -77.004360",38.902503,-77.00436,https://goo.gl/maps/Jx3aZHbawVpoWw3k6,NA,110010106002060
H Street and 1st Street NE (Union Station),January,24,2019,"38.900102, -77.012093",38.900102000000004,-77.012093,https://goo.gl/maps/Y97d2rBosreupUK2A,NA,110010047021021
660 North Capitol Street NW,January,24,2019,"38.898559, -77.009669",38.898559000000006,-77.009669,https://goo.gl/maps/QzHAr8FrS2MhqQTF8,NA,110010047021023
4250 Connecticut Avenue NW (Formerly Fannie Mae),January,29,2019,"38.944917, -77.064684",38.944917,-77.064684,https://goo.gl/maps/Vh1nr3C5QM3PbVZW6,NA,110010012004000
295 overpass at Sousa Bridge,February,5,2019,"38.876070, -76.976676",38.87607,-76.976676,https://goo.gl/maps/NFMsxczwFqzqdf7EA,Pennsylvania Avenue & 295 SE - East side of the bridge,110010076015001
NoMa - Underpass(es),February,7,2019,"38.902503, -77.004360",38.902503,-77.00436,https://goo.gl/maps/Jx3aZHbawVpoWw3k6,NA,110010106002060
H Street and 1st Street NE (Union Station),February,14,2019,"38.900102, -77.012093",38.900102000000004,-77.012093,https://goo.gl/maps/Y97d2rBosreupUK2A,NA,110010047021021
660 North Capitol Street NW,February,14,2019,"38.898559, -77.009669",38.898559000000006,-77.009669,https://goo.gl/maps/QzHAr8FrS2MhqQTF8,NA,110010047021023
Whitehurst Freeway - 26th/27th and K NW,February,19,2019,"38.902673, -77.055567",38.902673,-77.055567,https://goo.gl/maps/YeCgo9ggFdxUB9Ka9,NA,110010056001004
NoMa - Underpass(es),February,21,2019,"38.902503, -77.004360",38.902503,-77.00436,https://goo.gl/maps/Jx3aZHbawVpoWw3k6,NA,110010106002060
3rd Street and G Street NW,February,26,2019,"38.898328, -77.015230",38.89832800000001,-77.01523,https://goo.gl/maps/EmzwCh4st6RAK8Qr9,NA,110010059001008
I-395 – New Jersey Avenue Exit (2nd Street and D Street & US Senate Exit Ramp),March,5,2019,"38.895012, -77.013805",38.89501200000001,-77.013805,https://goo.gl/maps/4HutaXo43LNNjBmm8,NA,110010059001016
NoMa - Underpass(es),March,7,2019,"38.902503, -77.004360",38.902503,-77.00436,https://goo.gl/maps/Jx3aZHbawVpoWw3k6,NA,110010106002060
21st Street and Virginia Avenue NW,March,12,2019,"38.895360, -77.046467",38.895360000000004,-77.046467,https://goo.gl/maps/NFbNjbbM3rHymNTn9,NA,110010108002020
H Street and 1st Street NE (Union Station),March,14,2019,"38.900102, -77.012093",38.900102000000004,-77.012093,https://goo.gl/maps/Y97d2rBosreupUK2A,NA,110010047021021
660 North Capitol Street NW,March,14,2019,"38.898559, -77.009669",38.898559000000006,-77.009669,https://goo.gl/maps/QzHAr8FrS2MhqQTF8,NA,110010047021023
Shaw Library (8th Street and Rhode Island Avenue),March,19,2019,"38.912452, -77.022469",38.912452,-77.022469,https://goo.gl/maps/chWxkeekGrpM6vRJA,NA,110010049011006
NoMa - Underpass(es),March,26,2019,"38.902503, -77.004360",38.902503,-77.00436,https://goo.gl/maps/Jx3aZHbawVpoWw3k6,NA,110010106002060
Whitehurst Freeway - 26th/27th and K NW,April,2,2019,"38.902673, -77.055567",38.902673,-77.055567,https://goo.gl/maps/YeCgo9ggFdxUB9Ka9,NA,110010056001004
NoMa - Underpass(es),April,4,2019,"38.902503, -77.004360",38.902503,-77.00436,https://goo.gl/maps/Jx3aZHbawVpoWw3k6,NA,110010106002060
H Street and 1st Street NE (Union Station),April,4,2019,"38.900102, -77.012093",38.900102000000004,-77.012093,https://goo.gl/maps/Y97d2rBosreupUK2A,NA,110010047021021
NoMa - Underpass(es),April,9,2019,"38.902503, -77.004360",38.902503,-77.00436,https://goo.gl/maps/Jx3aZHbawVpoWw3k6,NA,110010106002060
1200 Corregidor Street NW,April,11,2019,"38.907290, -77.035399",38.907289999999996,-77.035399,https://goo.gl/maps/vrUQgkaWAezARRLv7,NA,110010052012008
23rd Street and Virginia Avenue NW,April,18,2019,"38.897379, -77.050226",38.897379,-77.050226,https://goo.gl/maps/VHFQc1usJmUUPutB7,NA,110010056003000
NoMa - Underpass(es),April,30,2019,"38.902503, -77.004360",38.902503,-77.00436,https://goo.gl/maps/Jx3aZHbawVpoWw3k6,NA,110010106002060
I-395 – New Jersey Avenue Exit (2nd Street and D Street & US Senate Exit Ramp),May,2,2019,"38.895012, -77.013805",38.89501200000001,-77.013805,https://goo.gl/maps/4HutaXo43LNNjBmm8,NA,110010059001016
4250 Connecticut Avenue NW,May,7,2019,"38.944922, -77.064683",38.944922,-77.064683,https://goo.gl/maps/GZRRevNEZPyzKUBD6,NA,110010012004000
1508 21st Street NW,May,7,2019,"38.910020, -77.046853",38.910019999999996,-77.046853,https://goo.gl/maps/ijNRnuziF6nLTbdi9,NA,110010055001017
1200 Corregidor Street NW,May,9,2019,"38.907290, -77.035399",38.907289999999996,-77.035399,https://goo.gl/maps/vrUQgkaWAezARRLv7,NA,110010052012008
H Street and 1st Street NE (Union Station),May,16,2019,"38.900102, -77.012093",38.900102000000004,-77.012093,https://goo.gl/maps/Y97d2rBosreupUK2A,NA,110010047021021
NoMa - Underpass(es),May,21,2019,"38.902503, -77.004360",38.902503,-77.00436,https://goo.gl/maps/Jx3aZHbawVpoWw3k6,NA,110010106002060
H Street and 1st Street NE (Union Station),May,23,2019,"38.900102, -77.012093",38.900102000000004,-77.012093,https://goo.gl/maps/Y97d2rBosreupUK2A,NA,110010047021021
3rd Street and G Street NW,May,23,2019,"38.898328, -77.015230",38.89832800000001,-77.01523,https://goo.gl/maps/EmzwCh4st6RAK8Qr9,NA,110010059001008
1900 M Street SE (Anacostia Riverwalk Trail),May,30,2019,"38.878870, -76.975440",38.87887,-76.97544,https://goo.gl/maps/gDudnpZNwNFVw3J37,NA,110010068041011
6th Street and Virginia Avenue SE (Under SE Freeway),May,30,2019,"38.879365, -76.999181",38.879365,-76.999181,https://goo.gl/maps/TVikkMRxjES7z5uw7,NA,110010072001017
NoMa - Underpass(es),June,4,2019,"38.902503, -77.004360",38.902503,-77.00436,https://goo.gl/maps/Jx3aZHbawVpoWw3k6,NA,110010106002060
H Street and 1st Street NE (Union Station),June,6,2019,"38.900102, -77.012093",38.900102000000004,-77.012093,https://goo.gl/maps/Y97d2rBosreupUK2A,NA,110010047021021
New Jersey Avenue and O Street Park,June,11,2019,"38.908489, -77.016074",38.908488999999996,-77.016074,https://goo.gl/maps/3KEN7rB7xyBjCy5L8,NA,110010048021000
Shaw Library (8th Street and Rhode Island Avenue),June,14,2019,"38.912452, -77.022469",38.912452,-77.022469,https://goo.gl/maps/chWxkeekGrpM6vRJA,NA,110010049011006
NoMa - Underpass(es),June,18,2019,"38.902503, -77.004360",38.902503,-77.00436,https://goo.gl/maps/Jx3aZHbawVpoWw3k6,NA,110010106002060
H Street and 1st Street NE (Union Station),June,20,2019,"38.900102, -77.012093",38.900102000000004,-77.012093,https://goo.gl/maps/Y97d2rBosreupUK2A,NA,110010047021021
I-395 – New Jersey Avenue Exit (2nd Street and D Street & US Senate Exit Ramp),June,20,2019,"38.895012, -77.013805",38.89501200000001,-77.013805,https://goo.gl/maps/4HutaXo43LNNjBmm8,NA,110010059001016
Whitehurst Freeway - 26th/27th and K NW,June,25,2019,"38.902673, -77.055567",38.902673,-77.055567,https://goo.gl/maps/YeCgo9ggFdxUB9Ka9,NA,110010056001004
21st Street and Virginia Avenue NW,June,25,2019,"38.895360, -77.046467",38.895360000000004,-77.046467,https://goo.gl/maps/NFbNjbbM3rHymNTn9,NA,110010108002020
Washington Circle,June,25,2019,"38.902516, -77.050162",38.902516000000006,-77.050162,https://goo.gl/maps/iqe9exdxbDGFxdZM9,NA,110010055003010
1999 K Street NW,June,27,2019,"38.903128, -77.044560",38.903128,-77.04456,https://goo.gl/maps/dd7x7YhGDKS3qXFo7,NA,110010107001013
1501 K Street NW,June,27,2019,"38.903029, -77.034931",38.903029,-77.034931,https://goo.gl/maps/jG4ghKKGnbw6UWEz6,NA,110010101002005
1111 19th Street NW,June,27,2019,"38.904151, -77.043049",38.904151,-77.043049,https://goo.gl/maps/JM1Q4i76nhseEw7y9,NA,110010107001015
NoMa - Underpass(es),July,2,2019,"38.902503, -77.004360",38.902503,-77.00436,https://goo.gl/maps/Jx3aZHbawVpoWw3k6,NA,110010106002060
H Street and 1st Street NE (Union Station),July,9,2019,"38.900102, -77.012093",38.900102000000004,-77.012093,https://goo.gl/maps/Y97d2rBosreupUK2A,NA,110010047021021
21st Street and Virginia Avenue NW,July,11,2019,"38.895360, -77.046467",38.895360000000004,-77.046467,https://goo.gl/maps/NFbNjbbM3rHymNTn9,NA,110010108002020
NoMa - Underpass(es),July,16,2019,"38.902503, -77.004360",38.902503,-77.00436,https://goo.gl/maps/Jx3aZHbawVpoWw3k6,NA,110010106002060
North Capitol Street NW (by Archbishop Carroll H.S.),July,25,2019,"38.940302, -77.008163",38.940302,-77.008163,https://goo.gl/maps/DGpiU1h4dxhBjAZZ6,NA,110010095013009
NoMa - Underpass(es),July,30,2019,"38.902503, -77.004360",38.902503,-77.00436,https://goo.gl/maps/Jx3aZHbawVpoWw3k6,NA,110010106002060
Whitehurst Freeway - 26th/27th and K NW,August,1,2019,"38.902673, -77.055567",38.902673,-77.055567,https://goo.gl/maps/YeCgo9ggFdxUB9Ka9,NA,110010056001004
1209 34th Street NW Alley,August,1,2019,"38.905394, -77.067695",38.905394,-77.067695,https://goo.gl/maps/jWjSjFyPiEBwtmYG8,NA,110010002023012
2200 Connecticut Avenue NW (bus shelter),August,6,2019,"38.918635, -77.048293",38.918635,-77.048293,https://goo.gl/maps/nSxsBVYPF9DsjhcD7,NA,110010041002011
I-395 – New Jersey Avenue Exit (2nd Street and D Street & US Senate Exit Ramp),August,8,2019,"38.895012, -77.013805",38.89501200000001,-77.013805,https://goo.gl/maps/4HutaXo43LNNjBmm8,NA,110010059001016
H Street and 1st Street NE (Union Station),August,13,2019,"38.900102, -77.012093",38.900102000000004,-77.012093,https://goo.gl/maps/Y97d2rBosreupUK2A,NA,110010047021021
NoMa - Underpass(es),August,15,2019,"38.902503, -77.004360",38.902503,-77.00436,https://goo.gl/maps/Jx3aZHbawVpoWw3k6,NA,110010106002060
Washington Circle,August,20,2019,"38.902516, -77.050162",38.902516000000006,-77.050162,https://goo.gl/maps/iqe9exdxbDGFxdZM9,NA,110010055003010
1200 Corregidor Street NW,August,20,2019,"38.907290, -77.035399",38.907289999999996,-77.035399,https://goo.gl/maps/vrUQgkaWAezARRLv7,NA,110010052012008
Shaw Library (8th Street and Rhode Island Avenue),August,22,2019,"38.912452, -77.022469",38.912452,-77.022469,https://goo.gl/maps/chWxkeekGrpM6vRJA,NA,110010049011006
11th Street and Rhode Island Avenue,August,22,2019,"38.910778, -77.026931",38.910778,-77.026931,https://goo.gl/maps/GrYVuZzfrLur7SjQ9,NA,110010049012012
21st Street and Virginia Avenue NW,August,29,2019,"38.895360, -77.046467",38.895360000000004,-77.046467,https://goo.gl/maps/NFbNjbbM3rHymNTn9,NA,110010108002020
23rd Street and Virginia Avenue NW,August,29,2019,"38.897379, -77.050226",38.897379,-77.050226,https://goo.gl/maps/VHFQc1usJmUUPutB7,NA,110010056003000
H Street and 1st Street NE (Union Station),September,3,2019,"38.900102, -77.012093",38.900102000000004,-77.012093,https://goo.gl/maps/Y97d2rBosreupUK2A,NA,110010047021021
660 North Capitol Street NW,September,3,2019,"38.898559, -77.009669",38.898559000000006,-77.009669,https://goo.gl/maps/QzHAr8FrS2MhqQTF8,NA,110010047021023
NoMa - Underpass(es),September,5,2019,"38.902503, -77.004360",38.902503,-77.00436,https://goo.gl/maps/Jx3aZHbawVpoWw3k6,NA,110010106002060
Whitehurst Freeway - 26th/27th and K NW,September,10,2019,"38.902673, -77.055567",38.902673,-77.055567,https://goo.gl/maps/YeCgo9ggFdxUB9Ka9,NA,110010056001004
Whitehurst Freeway - 26th/27th and K NW,September,12,2019,"38.902673, -77.055567",38.902673,-77.055567,https://goo.gl/maps/YeCgo9ggFdxUB9Ka9,NA,110010056001004
H Street and 1st Street NE (Union Station),September,17,2019,"38.900102, -77.012093",38.900102000000004,-77.012093,https://goo.gl/maps/Y97d2rBosreupUK2A,NA,110010047021021
NoMa - Underpass(es),September,19,2019,"38.902503, -77.004360",38.902503,-77.00436,https://goo.gl/maps/Jx3aZHbawVpoWw3k6,NA,110010106002060
16th Street and Colorado Avenue,September,24,2019,"38.952510, -77.036554",38.952510000000004,-77.036554,https://goo.gl/maps/TsA4WAQ6RHQx4dYX8,NA,110010026002006
Seward Square,September,25,2019,"38.885840, -76.999683",38.885839999999995,-76.999683,https://goo.gl/maps/jqFPJd9GZcKr8YZD8,NA,110010065001002
Bladensburg Road and New York Avenue NE,October,1,2019,"38.917235, -76.972401",38.917235,-76.972401,https://goo.gl/maps/3NkL9EkRJdS8cWA58,NA,110010111003023
21st Street and Virginia Avenue NW,October,3,2019,"38.895360, -77.046467",38.895360000000004,-77.046467,https://goo.gl/maps/NFbNjbbM3rHymNTn9,NA,110010108002020
Whitehurst Freeway - 26th/27th and K NW,October,8,2019,"38.902673, -77.055567",38.902673,-77.055567,https://goo.gl/maps/YeCgo9ggFdxUB9Ka9,NA,110010056001004
NoMa - Underpass(es),October,11,2019,"38.902503, -77.004360",38.902503,-77.00436,https://goo.gl/maps/Jx3aZHbawVpoWw3k6,NA,110010106002060
NoMa - Underpass(es),October,15,2019,"38.902503, -77.004360",38.902503,-77.00436,https://goo.gl/maps/Jx3aZHbawVpoWw3k6,NA,110010106002060
I-395 – New Jersey Avenue Exit (2nd Street and D Street & US Senate Exit Ramp),October,17,2019,"38.895012, -77.013805",38.89501200000001,-77.013805,https://goo.gl/maps/4HutaXo43LNNjBmm8,NA,110010059001016
3rd Street and G Street NW,October,17,2019,"38.898328, -77.015230",38.89832800000001,-77.01523,https://goo.gl/maps/EmzwCh4st6RAK8Qr9,NA,110010059001008
17th Street and Corcoran Street NW,October,24,2019,"38.911875, -77.038468",38.911874999999995,-77.038468,https://goo.gl/maps/1ctzDBWSbUXhydu87,NA,110010053014000
17th Street and Corcoran Street NW,October,24,2019,"38.911875, -77.038468",38.911874999999995,-77.038468,https://goo.gl/maps/1ctzDBWSbUXhydu87,NA,110010053014000
NoMa - Underpass(es),October,31,2019,"38.902503, -77.004360",38.902503,-77.00436,https://goo.gl/maps/Jx3aZHbawVpoWw3k6,NA,110010106002060
North Capitol Street NW and O Street NE,October,31,2019,"38.908562, -77.008856",38.908562,-77.008856,https://goo.gl/maps/82p1GmdLg8M18TGc7,NA,110010106002025
Kirby Street and New York Avenue NW,November,4,2019,"38.905800, -77.013661",38.9058,-77.013661,https://goo.gl/maps/Lc7mkZUjnHWAVqL88,NA,110010047012002
660 Pennsylvania Avenue NW (CVS),November,5,2019,"38.892957, -77.022150",38.892957,-77.02215,https://goo.gl/maps/A3P5MVszz8pQ6AJm7,NA,110010062021022
21st Street and K Street NW,November,7,2019,"38.902411, -77.046644",38.902411,-77.046644,https://goo.gl/maps/NZMJ87xCkYTTT9Xx5,NA,110010107001011
Shaw Library (8th Street and Rhode Island Avenue),November,14,2019,"38.912452, -77.022469",38.912452,-77.022469,https://goo.gl/maps/chWxkeekGrpM6vRJA,NA,110010049011006
815 Connecticut Avenue NW,November,21,2019,"38.901057, -77.037947",38.901056999999994,-77.037947,https://goo.gl/maps/UEi3uhbrYaFFDNaV8,NA,110010107001026
Washington Circle,November,26,2019,"38.902516, -77.050162",38.902516000000006,-77.050162,https://goo.gl/maps/iqe9exdxbDGFxdZM9,NA,110010055003010
Whitehurst Freeway - 26th/27th and K NW,November,26,2019,"38.902673, -77.055567",38.902673,-77.055567,https://goo.gl/maps/YeCgo9ggFdxUB9Ka9,NA,110010056001004
NoMa - Underpass(es),December,3,2019,"38.902503, -77.004360",38.902503,-77.00436,https://goo.gl/maps/Jx3aZHbawVpoWw3k6,NA,110010106002060
25th Street and Virginia Avenue NW,December,5,2019,"38.898094, -77.053248",38.898094,-77.053248,https://goo.gl/maps/qvJNv2Eapm8cD3rK6,NA,110010056002024
17th Street and Corcoran Street NW,December,12,2019,"38.911875, -77.038468",38.911874999999995,-77.038468,https://goo.gl/maps/1ctzDBWSbUXhydu87,NA,110010053014000
17th Street and Corcoran Street NW,December,12,2019,"38.911875, -77.038468",38.911874999999995,-77.038468,https://goo.gl/maps/1ctzDBWSbUXhydu87,NA,110010053014000
